filename,class_id,name,sci_name,confidence,width_m,height_m,geometry
tile_001.jpg,7.0,Inajá,Attalea maripa (Aubl.) Mart.,0.887547,11.95997184002772,9.039974400773644,"POLYGON ((643053.5634948799 8888364.02149488, 643053.5634948799 8888373.061469281, 643041.6035230398 8888373.061469281, 643041.6035230398 8888364.02149488, 643053.5634948799 8888364.02149488))"
tile_002.jpg,6.0,Tucumã,Astrocaryum aculeatum G.Mey.,0.836046,7.52001024002675,6.44001791998744,"POLYGON ((643072.6434923201 8888380.22147184, 643072.6434923201 8888386.66148976, 643065.1234820801 8888386.66148976, 643065.1234820801 8888380.22147184, 643072.6434923201 8888380.22147184))"
tile_002.jpg,7.0,Inajá,Attalea maripa (Aubl.) Mart.,0.919912,10.480005120043643,11.999969279393554,"POLYGON ((643116.80352304 8888361.5415, 643116.80352304 8888373.54146928, 643106.32351792 8888373.54146928, 643106.32351792 8888361.5415, 643116.80352304 8888361.5415))"
tile_003.jpg,5.0,Murumuru,Astrocaryum ulei Burret,0.554462,4.400001024012454,3.0799994878470898,"POLYGON ((643132.963480032 8888370.821514336, 643132.963480032 8888373.901513824, 643128.563479008 8888373.901513824, 643128.563479008 8888370.821514336, 643132.963480032 8888370.821514336))"
tile_003.jpg,5.0,Murumuru,Astrocaryum ulei Burret,0.846289,7.719997439999133,6.040000511333346,"POLYGON ((643161.1634692799 8888382.021501023, 643161.1634692799 8888388.061501535, 643153.4434718399 8888388.061501535, 643153.4434718399 8888382.021501023, 643161.1634692799 8888382.021501023))"
tile_007.jpg,0.0,Açaí solteiro,Euterpe precatoria Mart.,0.807767,3.119996928027831,4.839997440576553,"POLYGON ((642952.643529184 8888336.38149232, 642952.643529184 8888341.221489761, 642949.523532256 8888341.221489761, 642949.523532256 8888336.38149232, 642952.643529184 8888336.38149232))"
tile_007.jpg,0.0,Açaí solteiro,Euterpe precatoria Mart.,0.818983,4.639997952035628,4.519999487325549,"POLYGON ((642953.1634836161 8888317.341491297, 642953.1634836161 8888321.861490784, 642948.523485664 8888321.861490784, 642948.523485664 8888317.341491297, 642953.1634836161 8888317.341491297))"
tile_008.jpg,0.0,Açaí solteiro,Euterpe precatoria Mart.,0.790335,5.080000511952676,4.20000153593719,"POLYGON ((643002.0434938559 8888335.381513312, 643002.0434938559 8888339.581514848, 642996.9634933439 8888339.581514848, 642996.9634933439 8888335.381513312, 643002.0434938559 8888335.381513312))"
tile_008.jpg,8.0,Patauá,Oenocarpus bataua Mart.,0.815669,11.71998719999101,12.679987199604511,"POLYGON ((643007.4834744 8888346.66151024, 643007.4834744 8888359.34149744, 642995.7634872 8888359.34149744, 642995.7634872 8888346.66151024, 643007.4834744 8888346.66151024))"
tile_008.jpg,0.0,Açaí solteiro,Euterpe precatoria Mart.,0.828712,4.519999488024041,3.4799984637647867,"POLYGON ((642985.843529184 8888326.301504608, 642985.843529184 8888329.781503072, 642981.323529696 8888329.781503072, 642981.323529696 8888326.301504608, 642985.843529184 8888326.301504608))"
tile_008.jpg,0.0,Açaí solteiro,Euterpe precatoria Mart.,0.841631,4.359997440013103,4.680001536384225,"POLYGON ((642991.8835051201 8888321.861503074, 642991.8835051201 8888326.54150461, 642987.52350768 8888326.54150461, 642987.52350768 8888321.861503074, 642991.8835051201 8888321.861503074))"
tile_008.jpg,0.0,Açaí solteiro,Euterpe precatoria Mart.,0.850092,4.680001536034979,4.639997951686382,"POLYGON ((643000.883494368 8888331.381480545, 643000.883494368 8888336.021478496, 642996.203492832 8888336.021478496, 642996.203492832 8888331.381480545, 643000.883494368 8888331.381480545))"
tile_008.jpg,0.0,Açaí solteiro,Euterpe precatoria Mart.,0.870783,4.880001023993827,5.279999999329448,"POLYGON ((642988.6435158718 8888317.021517921, 642988.6435158718 8888322.30151792, 642983.7635148478 8888322.30151792, 642983.7635148478 8888317.021517921, 642988.6435158718 8888317.021517921))"
tile_009.jpg,0.0,Açaí solteiro,Euterpe precatoria Mart.,0.514961,4.999999488005415,3.600003071129322,"POLYGON ((643032.1634882239 8888312.501490785, 643032.1634882239 8888316.101493856, 643027.1634887359 8888316.101493856, 643027.1634887359 8888312.501490785, 643032.1634882239 8888312.501490785))"
tile_009.jpg,2.0,Burití,Mauritia flexuosa L.f.,0.623122,2.2000005119480193,2.080002047121525,"POLYGON ((643053.9634784958 8888333.941519458, 643053.9634784958 8888336.021521505, 643051.7634779839 8888336.021521505, 643051.7634779839 8888333.941519458, 643053.9634784958 8888333.941519458))"
tile_009.jpg,6.0,Tucumã,Astrocaryum aculeatum G.Mey.,0.728717,4.079996927990578,4.71999897621572,"POLYGON ((643050.4034882238 8888326.381490273, 643050.4034882238 8888331.10148925, 643046.3234912958 8888331.10148925, 643046.3234912958 8888326.381490273, 643050.4034882238 8888326.381490273))"
tile_010.jpg,0.0,Açaí solteiro,Euterpe precatoria Mart.,0.267173,2.7600015359930694,2.3600025605410337,"POLYGON ((643080.6034713279 8888321.821517922, 643080.6034713279 8888324.181520483, 643077.8434697919 8888324.181520483, 643077.8434697919 8888321.821517922, 643080.6034713279 8888321.821517922))"
tile_010.jpg,0.0,Açaí solteiro,Euterpe precatoria Mart.,0.525447,4.359997440013103,3.1600005123764277,"POLYGON ((643110.96348208 8888320.621508706, 643110.96348208 8888323.781509219, 643106.60348464 8888323.781509219, 643106.60348464 8888320.621508706, 643110.96348208 8888320.621508706))"
tile_010.jpg,0.0,Açaí solteiro,Euterpe precatoria Mart.,0.807652,4.400001024012454,4.3599974401295185,"POLYGON ((643073.6035107521 8888327.38153072, 643073.6035107521 8888331.74152816, 643069.2035097281 8888331.74152816, 643069.2035097281 8888327.38153072, 643073.6035107521 8888327.38153072))"
tile_011.jpg,0.0,Açaí solteiro,Euterpe precatoria Mart.,0.818691,3.800002560019493,4.239998975768685,"POLYGON ((643163.4835051199 8888321.661500512, 643163.4835051199 8888325.901499487, 643159.6835025599 8888325.901499487, 643159.6835025599 8888321.661500512, 643163.4835051199 8888321.661500512))"
tile_015.jpg,3.0,Jací,Attalea butyracea (Mutis ex Lf) Wess.Boer,0.524331,6.159974399954081,7.719997439533472,"POLYGON ((642811.1634866879 8888262.5015, 642811.1634866879 8888270.221497439, 642805.003512288 8888270.221497439, 642805.003512288 8888262.5015, 642811.1634866879 8888262.5015))"
tile_015.jpg,0.0,Açaí solteiro,Euterpe precatoria Mart.,0.811297,4.280002560000867,4.079996928572655,"POLYGON ((642851.00348976 8888281.501475936, 642851.00348976 8888285.581472864, 642846.7234872 8888285.581472864, 642846.7234872 8888281.501475936, 642851.00348976 8888281.501475936))"
tile_016.jpg,0.0,Açaí solteiro,Euterpe precatoria Mart.,0.398297,4.239998976001516,3.6799979526549578,"POLYGON ((642888.0435020479 8888290.501526624, 642888.0435020479 8888294.181524577, 642883.8035030719 8888294.181524577, 642883.8035030719 8888290.501526624, 642888.0435020479 8888290.501526624))"
tile_016.jpg,8.0,Patauá,Oenocarpus bataua Mart.,0.73777,10.559999999939464,9.919979520142078,"POLYGON ((642884.2035204798 8888279.621479519, 642884.2035204798 8888289.541459039, 642873.6435204799 8888289.541459039, 642873.6435204799 8888279.621479519, 642884.2035204798 8888279.621479519))"
tile_016.jpg,0.0,Açaí solteiro,Euterpe precatoria Mart.,0.775897,4.079996927990578,4.519999487325549,"POLYGON ((642908.2434933438 8888265.821511775, 642908.2434933438 8888270.341511263, 642904.1634964158 8888270.341511263, 642904.1634964158 8888265.821511775, 642908.2434933438 8888265.821511775))"
tile_016.jpg,0.0,Açaí solteiro,Euterpe precatoria Mart.,0.850405,4.600000511971302,4.400001024827361,"POLYGON ((642911.8034989758 8888263.781491809, 642911.8034989758 8888268.181492833, 642907.2034984638 8888268.181492833, 642907.2034984638 8888263.781491809, 642911.8034989758 8888263.781491809))"
tile_016.jpg,0.0,Açaí solteiro,Euterpe precatoria Mart.,0.860032,4.319999999948777,4.919998463243246,"POLYGON ((642884.6034795198 8888270.461509729, 642884.6034795198 8888275.381508192, 642880.2834795199 8888275.381508192, 642880.2834795199 8888270.461509729, 642884.6034795198 8888270.461509729))"
tile_017.jpg,0.0,Açaí solteiro,Euterpe precatoria Mart.,0.861409,5.399998464039527,4.480002047494054,"POLYGON ((642943.883518432 8888309.741496414, 642943.883518432 8888314.221498461, 642938.483519968 8888314.221498461, 642938.483519968 8888309.741496414, 642943.883518432 8888309.741496414))"
tile_018.jpg,0.0,Açaí solteiro,Euterpe precatoria Mart.,0.509242,4.280002560000867,5.080000512301922,"POLYGON ((642977.2035230399 8888301.341493344, 642977.2035230399 8888306.421493856, 642972.9235204799 8888306.421493856, 642972.9235204799 8888301.341493344, 642977.2035230399 8888301.341493344))"
tile_018.jpg,0.0,Açaí solteiro,Euterpe precatoria Mart.,0.532568,4.319999999948777,4.960002047941089,"POLYGON ((642987.6834974398 8888292.661529696, 642987.6834974398 8888297.621531744, 642983.3634974399 8888297.621531744, 642983.3634974399 8888292.661529696, 642987.6834974398 8888292.661529696))"
tile_018.jpg,0.0,Açaí solteiro,Euterpe precatoria Mart.,0.585218,4.519999488024041,4.3599974401295185,"POLYGON ((642971.8435035839 8888276.58150512, 642971.8435035839 8888280.94150256, 642967.3235040959 8888280.94150256, 642967.3235040959 8888276.58150512, 642971.8435035839 8888276.58150512))"
tile_018.jpg,0.0,Açaí solteiro,Euterpe precatoria Mart.,0.691399,4.480002047959715,3.3599999994039536,"POLYGON ((643006.7235138239 8888275.54151024, 643006.7235138239 8888278.901510239, 643002.243511776 8888278.901510239, 643002.243511776 8888275.54151024, 643006.7235138239 8888275.54151024))"
tile_018.jpg,0.0,Açaí solteiro,Euterpe precatoria Mart.,0.695259,3.4400010240497068,3.720001535490155,"POLYGON ((642984.243505632 8888267.941523552, 642984.243505632 8888271.661525087, 642980.803504608 8888271.661525087, 642980.803504608 8888267.941523552, 642984.243505632 8888267.941523552))"
tile_018.jpg,0.0,Açaí solteiro,Euterpe precatoria Mart.,0.742155,4.239998976001516,3.3599999994039536,"POLYGON ((642984.0034841279 8888270.58152048, 642984.0034841279 8888273.941520479, 642979.7634851519 8888273.941520479, 642979.7634851519 8888270.58152048, 642984.0034841279 8888270.58152048))"
tile_018.jpg,0.0,Açaí solteiro,Euterpe precatoria Mart.,0.792735,4.359997440013103,4.1599979512393475,"POLYGON ((642989.92350768 8888281.381480545, 642989.92350768 8888285.541478496, 642985.5635102399 8888285.541478496, 642985.5635102399 8888281.381480545, 642989.92350768 8888281.381480545))"
tile_018.jpg,0.0,Açaí solteiro,Euterpe precatoria Mart.,0.817408,4.0399994880426675,3.8799974396824837,"POLYGON ((642981.803526624 8888290.02152048, 642981.803526624 8888293.90151792, 642977.763527136 8888293.90151792, 642977.763527136 8888290.02152048, 642981.803526624 8888290.02152048))"
tile_018.jpg,0.0,Açaí solteiro,Euterpe precatoria Mart.,0.825512,5.640001535997726,4.600000511854887,"POLYGON ((642989.323527648 8888265.061495904, 642989.323527648 8888269.661496416, 642983.683526112 8888269.661496416, 642983.683526112 8888265.061495904, 642989.323527648 8888265.061495904))"
tile_018.jpg,0.0,Açaí solteiro,Euterpe precatoria Mart.,0.82874,4.880001023993827,5.080000512301922,"POLYGON ((642979.0435158719 8888266.621503584, 642979.0435158719 8888271.701504096, 642974.1635148479 8888271.701504096, 642974.1635148479 8888266.621503584, 642979.0435158719 8888266.621503584))"
tile_018.jpg,0.0,Açaí solteiro,Euterpe precatoria Mart.,0.854659,4.919998463941738,5.119997952133417,"POLYGON ((642975.4835286719 8888272.181485664, 642975.4835286719 8888277.301483616, 642970.563530208 8888277.301483616, 642970.563530208 8888272.181485664, 642975.4835286719 8888272.181485664))"
tile_018.jpg,0.0,Açaí solteiro,Euterpe precatoria Mart.,0.864443,5.28000000002794,5.199998976662755,"POLYGON ((642974.56350768 8888280.701490272, 642974.56350768 8888285.901489248, 642969.2835076799 8888285.901489248, 642969.2835076799 8888280.701490272, 642974.56350768 8888280.701490272))"
tile_019.jpg,6.0,Tucumã,Astrocaryum aculeatum G.Mey.,0.322821,4.560003072023392,3.800002560019493,"POLYGON ((643061.5235322559 8888281.42151792, 643061.5235322559 8888285.22152048, 643056.9635291839 8888285.22152048, 643056.9635291839 8888281.42151792, 643061.5235322559 8888281.42151792))"
tile_019.jpg,0.0,Açaí solteiro,Euterpe precatoria Mart.,0.82878,4.880001023993827,3.6400005128234625,"POLYGON ((643036.0835107518 8888289.021529185, 643036.0835107518 8888292.661529697, 643031.2035097278 8888292.661529697, 643031.2035097278 8888289.021529185, 643036.0835107518 8888289.021529185))"
tile_020.jpg,6.0,Tucumã,Astrocaryum aculeatum G.Mey.,0.345344,5.28000000002794,5.039996927604079,"POLYGON ((643067.883498976 8888299.821501534, 643067.883498976 8888304.861498462, 643062.603498976 8888304.861498462, 643062.603498976 8888299.821501534, 643067.883498976 8888299.821501534))"
tile_020.jpg,5.0,Murumuru,Astrocaryum ulei Burret,0.357276,4.839997439994477,4.400001024827361,"POLYGON ((643085.9635 8888289.461507168, 643085.9635 8888293.861508192, 643081.12350256 8888293.861508192, 643081.12350256 8888289.461507168, 643085.9635 8888289.461507168))"
tile_020.jpg,0.0,Açaí solteiro,Euterpe precatoria Mart.,0.734178,4.519999488024041,3.6799979526549578,"POLYGON ((643103.563470304 8888293.381526625, 643103.563470304 8888297.061524577, 643099.043470816 8888297.061524577, 643099.043470816 8888293.381526625, 643103.563470304 8888293.381526625))"
tile_020.jpg,0.0,Açaí solteiro,Euterpe precatoria Mart.,0.802519,2.8800000000046566,3.3200025595724583,"POLYGON ((643105.48351024 8888301.86151536, 643105.48351024 8888305.18151792, 643102.60351024 8888305.18151792, 643102.60351024 8888301.86151536, 643105.48351024 8888301.86151536))"
tile_020.jpg,0.0,Açaí solteiro,Euterpe precatoria Mart.,0.811255,3.279998976038769,3.7599989753216505,"POLYGON ((643105.763504608 8888305.02151587, 643105.763504608 8888308.781514846, 643102.4835056319 8888308.781514846, 643102.4835056319 8888305.02151587, 643105.763504608 8888305.02151587))"
tile_020.jpg,8.0,Patauá,Oenocarpus bataua Mart.,0.828008,11.360010239994153,11.240017920732498,"POLYGON ((643082.84351536 8888260.5815, 643082.84351536 8888271.82151792, 643071.48350512 8888271.82151792, 643071.48350512 8888260.5815, 643082.84351536 8888260.5815))"
tile_021.jpg,0.0,Açaí solteiro,Euterpe precatoria Mart.,0.795523,4.0399994880426675,3.600003071129322,"POLYGON ((643154.083498464 8888300.781483104, 643154.083498464 8888304.381486176, 643150.0434989759 8888304.381486176, 643150.0434989759 8888300.781483104, 643154.083498464 8888300.781483104))"
tile_021.jpg,6.0,Tucumã,Astrocaryum aculeatum G.Mey.,0.880506,8.440012800041586,11.240017920732498,"POLYGON ((643126.6434974399 8888299.10149232, 643126.6434974399 8888310.34151024, 643118.2034846399 8888310.34151024, 643118.2034846399 8888299.10149232, 643126.6434974399 8888299.10149232))"
tile_022.jpg,0.0,Açaí solteiro,Euterpe precatoria Mart.,0.627811,4.120000511989929,5.039996927604079,"POLYGON ((643211.6435245757 8888260.221516896, 643211.6435245757 8888265.261513824, 643207.5235240638 8888265.261513824, 643207.5235240638 8888260.221516896, 643211.6435245757 8888260.221516896))"
tile_022.jpg,7.0,Inajá,Attalea maripa (Aubl.) Mart.,0.85472,11.040030719945207,10.799984639510512,"POLYGON ((643196.0434999998 8888303.261533279, 643196.0434999998 8888314.061517918, 643185.0034692799 8888314.061517918, 643185.0034692799 8888303.261533279, 643196.0434999998 8888303.261533279))"
tile_023.jpg,8.0,Patauá,Oenocarpus bataua Mart.,0.620746,7.52001024002675,6.680002560839057,"POLYGON ((642745.36352816 8888235.42152304, 642745.36352816 8888242.101525601, 642737.84351792 8888242.101525601, 642737.84351792 8888235.42152304, 642745.36352816 8888235.42152304))"
tile_024.jpg,8.0,Patauá,Oenocarpus bataua Mart.,0.831868,7.679999999934807,7.320023039355874,"POLYGON ((642768.6434718398 8888224.861492319, 642768.6434718398 8888232.181515358, 642760.9634718399 8888232.181515358, 642760.9634718399 8888224.861492319, 642768.6434718398 8888224.861492319))"
tile_025.jpg,3.0,Jací,Attalea butyracea (Mutis ex Lf) Wess.Boer,0.73266,4.560003072023392,5.080000512301922,"POLYGON ((642812.523504096 8888257.821493344, 642812.523504096 8888262.901493857, 642807.963501024 8888262.901493857, 642807.963501024 8888257.821493344, 642812.523504096 8888257.821493344))"
tile_025.jpg,0.0,Açaí solteiro,Euterpe precatoria Mart.,0.809766,4.999999488005415,4.239998975768685,"POLYGON ((642846.363501024 8888242.70147491, 642846.363501024 8888246.941473886, 642841.363501536 8888246.941473886, 642841.363501536 8888242.70147491, 642846.363501024 8888242.70147491))"
tile_025.jpg,0.0,Açaí solteiro,Euterpe precatoria Mart.,0.852495,4.76000255998224,4.999999487772584,"POLYGON ((642835.9234871999 8888209.341527136, 642835.9234871999 8888214.341526624, 642831.16348464 8888214.341526624, 642831.16348464 8888209.341527136, 642835.9234871999 8888209.341527136))"
tile_026.jpg,0.0,Açaí solteiro,Euterpe precatoria Mart.,0.464969,4.159997952054255,3.399997439235449,"POLYGON ((642891.683511776 8888234.7814872, 642891.683511776 8888238.18148464, 642887.523513824 8888238.18148464, 642887.523513824 8888234.7814872, 642891.683511776 8888234.7814872))"
tile_026.jpg,0.0,Açaí solteiro,Euterpe precatoria Mart.,0.492098,3.800002560019493,4.439998464658856,"POLYGON ((642887.4834948799 8888229.86152253, 642887.4834948799 8888234.301520994, 642883.6834923199 8888234.301520994, 642883.6834923199 8888229.86152253, 642887.4834948799 8888229.86152253))"
tile_026.jpg,0.0,Açaí solteiro,Euterpe precatoria Mart.,0.562556,3.5599994879448786,3.0799994878470898,"POLYGON ((642891.8035163839 8888249.661527136, 642891.8035163839 8888252.741526624, 642888.2435168959 8888252.741526624, 642888.2435168959 8888249.661527136, 642891.8035163839 8888249.661527136))"
tile_026.jpg,0.0,Açaí solteiro,Euterpe precatoria Mart.,0.592624,3.4799984639976174,3.199997952207923,"POLYGON ((642879.7634851519 8888227.261513826, 642879.7634851519 8888230.461511778, 642876.2834866879 8888230.461511778, 642876.2834866879 8888227.261513826, 642879.7634851519 8888227.261513826))"
tile_026.jpg,0.0,Açaí solteiro,Euterpe precatoria Mart.,0.787394,4.560003072023392,4.239998975768685,"POLYGON ((642914.4034861759 8888236.101528673, 642914.4034861759 8888240.341527648, 642909.8434831039 8888240.341527648, 642909.8434831039 8888236.101528673, 642914.4034861759 8888236.101528673))"
tile_027.jpg,4.0,Ouricuri,Attalea phalerata Mart. ex Spreng.,0.268068,5.1600015360163525,5.360001023858786,"POLYGON ((642942.1235020481 8888227.461491808, 642942.1235020481 8888232.821492832, 642936.9635005121 8888232.821492832, 642936.9635005121 8888227.461491808, 642942.1235020481 8888227.461491808))"
tile_027.jpg,0.0,Açaí solteiro,Euterpe precatoria Mart.,0.660448,3.7200015359558165,3.399997439235449,"POLYGON ((642916.523496928 8888240.301502561, 642916.523496928 8888243.7015, 642912.8034953921 8888243.7015, 642912.8034953921 8888240.301502561, 642916.523496928 8888240.301502561))"
tile_027.jpg,0.0,Açaí solteiro,Euterpe precatoria Mart.,0.708878,3.959998463978991,4.600000511854887,"POLYGON ((642947.123510752 8888242.661495904, 642947.123510752 8888247.261496415, 642943.163512288 8888247.261496415, 642943.163512288 8888242.661495904, 642947.123510752 8888242.661495904))"
tile_027.jpg,0.0,Açaí solteiro,Euterpe precatoria Mart.,0.779428,4.600000511971302,3.9599984642118216,"POLYGON ((642948.883481056 8888257.70147645, 642948.883481056 8888261.661474913, 642944.283480544 8888261.661474913, 642944.283480544 8888257.70147645, 642948.883481056 8888257.70147645))"
tile_027.jpg,0.0,Açaí solteiro,Euterpe precatoria Mart.,0.804253,4.159997952054255,5.2400025594979525,"POLYGON ((642920.4434733761 8888230.7415, 642920.4434733761 8888235.981502559, 642916.283475424 8888235.981502559, 642916.283475424 8888230.7415, 642920.4434733761 8888230.7415))"
tile_027.jpg,0.0,Açaí solteiro,Euterpe precatoria Mart.,0.826639,5.119997952017002,5.4400020483881235,"POLYGON ((642914.6834979521 8888261.301497953, 642914.6834979521 8888266.741500001, 642909.5635 8888266.741500001, 642909.5635 8888261.301497953, 642914.6834979521 8888261.301497953))"
tile_027.jpg,0.0,Açaí solteiro,Euterpe precatoria Mart.,0.845526,5.1600015360163525,4.919998463243246,"POLYGON ((642950.043486688 8888252.82151229, 642950.043486688 8888257.741510753, 642944.883485152 8888257.741510753, 642944.883485152 8888252.82151229, 642950.043486688 8888252.82151229))"
tile_028.jpg,6.0,Tucumã,Astrocaryum aculeatum G.Mey.,0.588796,4.76000255998224,3.4799984637647867,"POLYGON ((643013.0835153599 8888253.381522527, 643013.0835153599 8888256.86152099, 643008.3235127999 8888256.86152099, 643008.3235127999 8888253.381522527, 643013.0835153599 8888253.381522527))"
tile_028.jpg,6.0,Tucumã,Astrocaryum aculeatum G.Mey.,0.649197,4.319999999948777,4.760002559050918,"POLYGON ((642986.6435025599 8888241.9414744, 642986.6435025599 8888246.70147696, 642982.3235025599 8888246.70147696, 642982.3235025599 8888241.9414744, 642986.6435025599 8888241.9414744))"
tile_028.jpg,0.0,Açaí solteiro,Euterpe precatoria Mart.,0.784934,3.5599994879448786,4.480002047494054,"POLYGON ((642984.3634703038 8888257.941473376, 642984.3634703038 8888262.421475423, 642980.8034708159 8888262.421475423, 642980.8034708159 8888257.941473376, 642984.3634703038 8888257.941473376))"
tile_028.jpg,0.0,Açaí solteiro,Euterpe precatoria Mart.,0.817672,5.039996927953325,5.799997439607978,"POLYGON ((642973.0034754239 8888244.341474399, 642973.0034754239 8888250.141471839, 642967.963478496 8888250.141471839, 642967.963478496 8888244.341474399, 642973.0034754239 8888244.341474399))"
tile_028.jpg,0.0,Açaí solteiro,Euterpe precatoria Mart.,0.821552,4.120000511989929,4.880001023411751,"POLYGON ((642982.1235092159 8888258.461489249, 642982.1235092159 8888263.341490272, 642978.0035087039 8888263.341490272, 642978.0035087039 8888258.461489249, 642982.1235092159 8888258.461489249))"
tile_029.jpg,5.0,Murumuru,Astrocaryum ulei Burret,0.662119,4.999999488005415,4.999999487772584,"POLYGON ((643062.8034933439 8888235.701498976, 643062.8034933439 8888240.701498464, 643057.8034938559 8888240.701498464, 643057.8034938559 8888235.701498976, 643062.8034933439 8888235.701498976))"
tile_029.jpg,0.0,Açaí solteiro,Euterpe precatoria Mart.,0.741754,3.800002560019493,3.6799979526549578,"POLYGON ((643039.2434897599 8888216.501511265, 643039.2434897599 8888220.181509217, 643035.4434871998 8888220.181509217, 643035.4434871998 8888216.501511265, 643039.2434897599 8888216.501511265))"
tile_029.jpg,7.0,Inajá,Attalea maripa (Aubl.) Mart.,0.752471,10.719989759963937,10.120028160512447,"POLYGON ((643031.2035127998 8888235.0214872, 643031.2035127998 8888245.141515361, 643020.4835230398 8888245.141515361, 643020.4835230398 8888235.0214872, 643031.2035127998 8888235.0214872))"
tile_029.jpg,0.0,Açaí solteiro,Euterpe precatoria Mart.,0.767409,3.800002560019493,4.1599979512393475,"POLYGON ((643054.1635179198 8888213.181524064, 643054.1635179198 8888217.341522016, 643050.3635153598 8888217.341522016, 643050.3635153598 8888213.181524064, 643054.1635179198 8888213.181524064))"
tile_030.jpg,0.0,Açaí solteiro,Euterpe precatoria Mart.,0.803049,3.7599989760201424,4.280002560466528,"POLYGON ((643098.403499488 8888243.06147952, 643098.403499488 8888247.34148208, 643094.643500512 8888247.34148208, 643094.643500512 8888243.06147952, 643098.403499488 8888243.06147952))"
tile_030.jpg,8.0,Patauá,Oenocarpus bataua Mart.,0.821645,9.320017919992097,11.639992319047451,"POLYGON ((643110.72348208 8888216.421479521, 643110.72348208 8888228.06147184, 643101.40346416 8888228.06147184, 643101.40346416 8888216.421479521, 643110.72348208 8888216.421479521))"
tile_031.jpg,5.0,Murumuru,Astrocaryum ulei Burret,0.49239,5.360001023975201,4.280002560466528,"POLYGON ((643134.0035056318 8888251.14151536, 643134.0035056318 8888255.42151792, 643128.6435046078 8888255.42151792, 643128.6435046078 8888251.14151536, 643134.0035056318 8888251.14151536))"
tile_031.jpg,0.0,Açaí solteiro,Euterpe precatoria Mart.,0.830466,4.76000255998224,4.839997440576553,"POLYGON ((643168.1634820799 8888253.14149488, 643168.1634820799 8888257.98149232, 643163.4034795199 8888257.98149232, 643163.4034795199 8888253.14149488, 643168.1634820799 8888253.14149488))"
tile_032.jpg,3.0,Jací,Attalea butyracea (Mutis ex Lf) Wess.Boer,0.824255,11.4800025599543,9.679994879290462,"POLYGON ((643198.5634923199 8888227.74152304, 643198.5634923199 8888237.42151792, 643187.0834897599 8888237.42151792, 643187.0834897599 8888227.74152304, 643198.5634923199 8888227.74152304))"
tile_035.jpg,7.0,Inajá,Attalea maripa (Aubl.) Mart.,0.286919,15.39999743993394,15.080017920583487,"POLYGON ((642812.9634923198 8888190.70150768, 642812.9634923198 8888205.7815256, 642797.5634948799 8888205.7815256, 642797.5634948799 8888190.70150768, 642812.9634923198 8888190.70150768))"
tile_035.jpg,8.0,Patauá,Oenocarpus bataua Mart.,0.442481,5.999996928032488,6.520012799650431,"POLYGON ((642767.2435061439 8888203.10148208, 642767.2435061439 8888209.62149488, 642761.2435092159 8888209.62149488, 642761.2435092159 8888203.10148208, 642767.2435061439 8888203.10148208))"
tile_035.jpg,5.0,Murumuru,Astrocaryum ulei Burret,0.68694,10.400010240031406,5.920002048835158,"POLYGON ((642788.1634820799 8888201.101481058, 642788.1634820799 8888207.021483107, 642777.7634718398 8888207.021483107, 642777.7634718398 8888201.101481058, 642788.1634820799 8888201.101481058))"
tile_035.jpg,0.0,Açaí solteiro,Euterpe precatoria Mart.,0.700279,4.480002047959715,4.120000511407852,"POLYGON ((642800.1635035839 8888163.101483105, 642800.1635035839 8888167.221483616, 642795.6835015359 8888167.221483616, 642795.6835015359 8888163.101483105, 642800.1635035839 8888163.101483105))"
tile_035.jpg,8.0,Patauá,Oenocarpus bataua Mart.,0.829097,10.719989759963937,7.320023039355874,"POLYGON ((642785.7635127999 8888178.50148976, 642785.7635127999 8888185.8215128, 642775.0435230399 8888185.8215128, 642775.0435230399 8888178.50148976, 642785.7635127999 8888178.50148976))"
tile_035.jpg,0.0,Açaí solteiro,Euterpe precatoria Mart.,0.840436,3.6000030719442293,4.480002047494054,"POLYGON ((642765.4834836158 8888173.421516897, 642765.4834836158 8888177.901518945, 642761.8834805439 8888177.901518945, 642761.8834805439 8888173.421516897, 642765.4834836158 8888173.421516897))"
tile_036.jpg,0.0,Açaí solteiro,Euterpe precatoria Mart.,0.425791,3.279998976038769,3.8799974396824837,"POLYGON ((642832.123527648 8888166.021489762, 642832.123527648 8888169.901487201, 642828.843528672 8888169.901487201, 642828.843528672 8888166.021489762, 642832.123527648 8888166.021489762))"
tile_036.jpg,5.0,Murumuru,Astrocaryum ulei Burret,0.689532,8.91998207999859,6.799994880333543,"POLYGON ((642819.84347184 8888195.901482081, 642819.84347184 8888202.701476961, 642810.92348976 8888202.701476961, 642810.92348976 8888195.901482081, 642819.84347184 8888195.901482081))"
tile_037.jpg,5.0,Murumuru,Astrocaryum ulei Burret,0.694507,5.28000000002794,6.079997951164842,"POLYGON ((642864.763502048 8888164.421490785, 642864.763502048 8888170.501488736, 642859.483502048 8888170.501488736, 642859.483502048 8888164.421490785, 642864.763502048 8888164.421490785))"
tile_037.jpg,0.0,Açaí solteiro,Euterpe precatoria Mart.,0.782335,4.359997440013103,5.119997952133417,"POLYGON ((642908.5635127999 8888200.381493345, 642908.5635127999 8888205.501491297, 642904.2035153599 8888205.501491297, 642904.2035153599 8888200.381493345, 642908.5635127999 8888200.381493345))"
tile_037.jpg,0.0,Açaí solteiro,Euterpe precatoria Mart.,0.788946,6.239969279966317,6.3600230403244495,"POLYGON ((642908.7635153598 8888158.621502561, 642908.7635153598 8888164.981525602, 642902.5235460799 8888164.981525602, 642902.5235460799 8888158.621502561, 642908.7635153598 8888158.621502561))"
tile_037.jpg,0.0,Açaí solteiro,Euterpe precatoria Mart.,0.818536,4.0399994880426675,3.8399999998509884,"POLYGON ((642886.1235266239 8888189.141515361, 642886.1235266239 8888192.981515361, 642882.0835271359 8888192.981515361, 642882.0835271359 8888189.141515361, 642886.1235266239 8888189.141515361))"
tile_038.jpg,5.0,Murumuru,Astrocaryum ulei Burret,0.402654,15.040020479937084,10.400010239332914,"POLYGON ((642951.6834923199 8888202.061517922, 642951.6834923199 8888212.461528162, 642936.64347184 8888212.461528162, 642936.64347184 8888202.061517922, 642951.6834923199 8888202.061517922))"
tile_038.jpg,7.0,Inajá,Attalea maripa (Aubl.) Mart.,0.692862,11.360010239994153,14.880030719563365,"POLYGON ((642947.88348976 8888178.0614872, 642947.88348976 8888192.94151792, 642936.52347952 8888192.94151792, 642936.52347952 8888178.0614872, 642947.88348976 8888178.0614872))"
tile_038.jpg,7.0,Inajá,Attalea maripa (Aubl.) Mart.,0.857712,9.919979520025663,12.559994880110025,"POLYGON ((642936.32349232 8888204.541482082, 642936.32349232 8888217.101476962, 642926.4035128 8888217.101476962, 642926.4035128 8888204.541482082, 642936.32349232 8888204.541482082))"
tile_040.jpg,0.0,Açaí solteiro,Euterpe precatoria Mart.,0.790961,3.279998976038769,3.600003071129322,"POLYGON ((643055.883481568 8888189.941470306, 643055.883481568 8888193.541473377, 643052.6034825919 8888193.541473377, 643052.6034825919 8888189.941470306, 643055.883481568 8888189.941470306))"
tile_040.jpg,3.0,Jací,Attalea butyracea (Mutis ex Lf) Wess.Boer,0.915624,11.4800025599543,10.679992320016026,"POLYGON ((643022.80349744 8888163.501497442, 643022.80349744 8888174.181489762, 643011.32349488 8888174.181489762, 643011.32349488 8888163.501497442, 643022.80349744 8888163.501497442))"
tile_041.jpg,0.0,Açaí solteiro,Euterpe precatoria Mart.,0.765423,4.0399994880426675,3.7599989753216505,"POLYGON ((643099.4834703039 8888213.261498464, 643099.4834703039 8888217.02149744, 643095.4434708159 8888217.02149744, 643095.4434708159 8888213.261498464, 643099.4834703039 8888213.261498464))"
tile_041.jpg,0.0,Açaí solteiro,Euterpe precatoria Mart.,0.824313,5.799997439957224,4.639997951686382,"POLYGON ((643086.9234692799 8888175.941475425, 643086.9234692799 8888180.581473377, 643081.1234718399 8888180.581473377, 643081.1234718399 8888175.941475425, 643086.9234692799 8888175.941475425))"
tile_042.jpg,0.0,Açaí solteiro,Euterpe precatoria Mart.,0.434287,3.4799984639976174,2.9600010234862566,"POLYGON ((643128.3234697919 8888188.901496928, 643128.3234697919 8888191.861497952, 643124.8434713279 8888191.861497952, 643124.8434713279 8888188.901496928, 643128.3234697919 8888188.901496928))"
tile_042.jpg,0.0,Açaí solteiro,Euterpe precatoria Mart.,0.466206,4.280002560000867,3.119996927678585,"POLYGON ((643170.8034820799 8888165.301529698, 643170.8034820799 8888168.421526626, 643166.5234795199 8888168.421526626, 643166.5234795199 8888165.301529698, 643170.8034820799 8888165.301529698))"
tile_042.jpg,5.0,Murumuru,Astrocaryum ulei Burret,0.724826,7.119974400033243,3.600003071129322,"POLYGON ((643145.76347184 8888173.621470306, 643145.76347184 8888177.221473377, 643138.6434974399 8888177.221473377, 643138.6434974399 8888173.621470306, 643145.76347184 8888173.621470306))"
tile_043.jpg,0.0,Açaí solteiro,Euterpe precatoria Mart.,0.425417,4.000002047978342,2.599999487400055,"POLYGON ((643195.2034984638 8888204.181483617, 643195.2034984638 8888206.781483104, 643191.2034964159 8888206.781483104, 643191.2034964159 8888204.181483617, 643195.2034984638 8888204.181483617))"
tile_043.jpg,0.0,Açaí solteiro,Euterpe precatoria Mart.,0.494911,4.880001023993827,4.439998464658856,"POLYGON ((643188.0034953918 8888157.42153021, 643188.0034953918 8888161.861528674, 643183.1234943678 8888161.861528674, 643183.1234943678 8888157.42153021, 643188.0034953918 8888157.42153021))"
tile_043.jpg,0.0,Açaí solteiro,Euterpe precatoria Mart.,0.540505,3.800002560019493,3.5200020484626293,"POLYGON ((643196.6434923199 8888197.781524576, 643196.6434923199 8888201.301526625, 643192.8434897598 8888201.301526625, 643192.8434897598 8888197.781524576, 643196.6434923199 8888197.781524576))"
tile_043.jpg,0.0,Açaí solteiro,Euterpe precatoria Mart.,0.749978,3.35999999998603,3.119996927678585,"POLYGON ((643184.3634948798 8888167.461514337, 643184.3634948798 8888170.581511265, 643181.0034948798 8888170.581511265, 643181.0034948798 8888167.461514337, 643184.3634948798 8888167.461514337))"
tile_046.jpg,0.0,Açaí solteiro,Euterpe precatoria Mart.,0.527954,4.7199989759828895,4.760002559050918,"POLYGON ((642799.1635122879 8888156.501494879, 642799.1635122879 8888161.261497438, 642794.4435133119 8888161.261497438, 642794.4435133119 8888156.501494879, 642799.1635122879 8888156.501494879))"
tile_046.jpg,7.0,Inajá,Attalea maripa (Aubl.) Mart.,0.723218,11.320012800046243,12.240015359595418,"POLYGON ((642771.28351792 8888132.86150256, 642771.28351792 8888145.10151792, 642759.9635051199 8888145.10151792, 642759.9635051199 8888132.86150256, 642771.28351792 8888132.86150256))"
tile_046.jpg,5.0,Murumuru,Astrocaryum ulei Burret,0.816568,8.91998207999859,7.6400025598704815,"POLYGON ((642799.24347952 8888133.94149488, 642799.24347952 8888141.58149744, 642790.32349744 8888141.58149744, 642790.32349744 8888133.94149488, 642799.24347952 8888133.94149488))"
tile_046.jpg,4.0,Ouricuri,Attalea phalerata Mart. ex Spreng.,0.826626,12.080025600036606,11.839979520067573,"POLYGON ((642782.5235358399 8888116.4615384, 642782.5235358399 8888128.30151792, 642770.4435102398 8888128.30151792, 642770.4435102398 8888116.4615384, 642782.5235358399 8888116.4615384))"
tile_047.jpg,6.0,Tucumã,Astrocaryum aculeatum G.Mey.,0.353946,4.200001536053605,3.800002560019493,"POLYGON ((642853.0834764481 8888141.06146928, 642853.0834764481 8888144.86147184, 642848.883474912 8888144.86147184, 642848.883474912 8888141.06146928, 642853.0834764481 8888141.06146928))"
tile_048.jpg,1.0,Paxiúba,Socratea exorrhiza (Mart.) H. Wendl.,0.270671,4.239998976001516,4.120000511407852,"POLYGON ((642903.0035276479 8888150.581526624, 642903.0035276479 8888154.701527135, 642898.7635286719 8888154.701527135, 642898.7635286719 8888150.581526624, 642903.0035276479 8888150.581526624))"
tile_048.jpg,2.0,Burití,Mauritia flexuosa L.f.,0.380713,2.360002559958957,2.880000000819564,"POLYGON ((642890.9634718398 8888156.10148976, 642890.9634718398 8888158.98148976, 642888.6034692798 8888158.98148976, 642888.6034692798 8888156.10148976, 642890.9634718398 8888156.10148976))"
tile_048.jpg,2.0,Burití,Mauritia flexuosa L.f.,0.633146,3.8399999999674037,3.4400010239332914,"POLYGON ((642868.8434897598 8888132.501507167, 642868.8434897598 8888135.94150819, 642865.0034897599 8888135.94150819, 642865.0034897599 8888132.501507167, 642868.8434897598 8888132.501507167))"
tile_048.jpg,0.0,Açaí solteiro,Euterpe precatoria Mart.,0.704126,5.479999487986788,4.960002047941089,"POLYGON ((642904.0434703039 8888154.581519455, 642904.0434703039 8888159.541521503, 642898.5634708159 8888159.541521503, 642898.5634708159 8888154.581519455, 642904.0434703039 8888154.581519455))"
tile_048.jpg,0.0,Açaí solteiro,Euterpe precatoria Mart.,0.76631,3.079999487963505,3.2400015350431204,"POLYGON ((642870.6835010238 8888112.981503071, 642870.6835010238 8888116.221504606, 642867.6035015358 8888116.221504606, 642867.6035015358 8888112.981503071, 642870.6835010238 8888112.981503071))"
tile_048.jpg,0.0,Açaí solteiro,Euterpe precatoria Mart.,0.777245,3.4400010240497068,3.4400010239332914,"POLYGON ((642872.643480032 8888144.541473888, 642872.643480032 8888147.981474912, 642869.2034790079 8888147.981474912, 642869.2034790079 8888144.541473888, 642872.643480032 8888144.541473888))"
tile_048.jpg,0.0,Açaí solteiro,Euterpe precatoria Mart.,0.784438,3.800002560019493,4.039999488741159,"POLYGON ((642863.7235040959 8888153.941498976, 642863.7235040959 8888157.981498465, 642859.9235015359 8888157.981498465, 642859.9235015359 8888153.941498976, 642863.7235040959 8888153.941498976))"
tile_049.jpg,0.0,Açaí solteiro,Euterpe precatoria Mart.,0.467303,6.44001791998744,5.4400020483881235,"POLYGON ((642955.92352816 8888112.061522016, 642955.92352816 8888117.501524065, 642949.48351024 8888117.501524065, 642949.48351024 8888112.061522016, 642955.92352816 8888112.061522016))"
tile_050.jpg,1.0,Paxiúba,Socratea exorrhiza (Mart.) H. Wendl.,0.257718,6.44001791998744,6.3600230403244495,"POLYGON ((642984.0435307199 8888112.02151536, 642984.0435307199 8888118.3815384, 642977.6035128 8888118.3815384, 642977.6035128 8888112.02151536, 642984.0435307199 8888112.02151536))"
tile_050.jpg,8.0,Patauá,Oenocarpus bataua Mart.,0.354385,12.200017919996753,12.679987199604511,"POLYGON ((642983.1635256 8888115.9015128, 642983.1635256 8888128.5815, 642970.96350768 8888128.5815, 642970.96350768 8888115.9015128, 642983.1635256 8888115.9015128))"
tile_050.jpg,1.0,Paxiúba,Socratea exorrhiza (Mart.) H. Wendl.,0.457654,4.159997952054255,3.6400005128234625,"POLYGON ((642988.243516896 8888113.301470304, 642988.243516896 8888116.941470817, 642984.083518944 8888116.941470817, 642984.083518944 8888113.301470304, 642988.243516896 8888113.301470304))"
tile_050.jpg,8.0,Patauá,Oenocarpus bataua Mart.,0.52572,8.240025599952787,7.600005120038986,"POLYGON ((643005.0835051199 8888134.22150768, 643005.0835051199 8888141.8215128, 642996.84347952 8888141.8215128, 642996.84347952 8888134.22150768, 643005.0835051199 8888134.22150768))"
tile_050.jpg,1.0,Paxiúba,Socratea exorrhiza (Mart.) H. Wendl.,0.592424,3.8799974400317296,5.479999488219619,"POLYGON ((642990.24347184 8888118.861486178, 642990.24347184 8888124.341485666, 642986.3634744 8888124.341485666, 642986.3634744 8888118.861486178, 642990.24347184 8888118.861486178))"
tile_050.jpg,1.0,Paxiúba,Socratea exorrhiza (Mart.) H. Wendl.,0.844746,6.68000256002415,5.360001023858786,"POLYGON ((642997.5235281601 8888110.501502048, 642997.5235281601 8888115.861503072, 642990.8435256 8888115.861503072, 642990.8435256 8888110.501502048, 642997.5235281601 8888110.501502048))"
tile_050.jpg,1.0,Paxiúba,Socratea exorrhiza (Mart.) H. Wendl.,0.855889,5.479999487986788,5.199998976662755,"POLYGON ((642987.6435061439 8888115.301508192, 642987.6435061439 8888120.501507169, 642982.163506656 8888120.501507169, 642982.163506656 8888115.301508192, 642987.6435061439 8888115.301508192))"
tile_050.jpg,1.0,Paxiúba,Socratea exorrhiza (Mart.) H. Wendl.,0.864293,5.560000512050465,6.159974399954081,"POLYGON ((642987.843496416 8888121.4615256, 642987.843496416 8888127.6215, 642982.283495904 8888127.6215, 642982.283495904 8888121.4615256, 642987.843496416 8888121.4615256))"
tile_050.jpg,1.0,Paxiúba,Socratea exorrhiza (Mart.) H. Wendl.,0.865868,5.920002048020251,5.039996927604079,"POLYGON ((642995.643531744 8888114.141527135, 642995.643531744 8888119.181524063, 642989.723529696 8888119.181524063, 642989.723529696 8888114.141527135, 642995.643531744 8888114.141527135))"
tile_050.jpg,1.0,Paxiúba,Socratea exorrhiza (Mart.) H. Wendl.,0.906836,5.799997439957224,7.1599718406796455,"POLYGON ((642993.8834846398 8888121.62151536, 642993.8834846398 8888128.7814872, 642988.0834871999 8888128.7814872, 642988.0834871999 8888121.62151536, 642993.8834846398 8888121.62151536))"
tile_050.jpg,1.0,Paxiúba,Socratea exorrhiza (Mart.) H. Wendl.,0.916023,6.71999999997206,7.959982080385089,"POLYGON ((642998.5634923199 8888118.74148464, 642998.5634923199 8888126.70146672, 642991.8434923199 8888126.70146672, 642991.8434923199 8888118.74148464, 642998.5634923199 8888118.74148464))"
tile_050.jpg,7.0,Inajá,Attalea maripa (Aubl.) Mart.,0.920257,11.4800025599543,11.599994879215956,"POLYGON ((643005.6435307199 8888150.6615, 643005.6435307199 8888162.261494879, 642994.16352816 8888162.261494879, 642994.16352816 8888150.6615, 643005.6435307199 8888150.6615))"
tile_051.jpg,3.0,Jací,Attalea butyracea (Mutis ex Lf) Wess.Boer,0.315003,6.360023039975204,11.240017920732498,"POLYGON ((643037.4035153599 8888155.741488224, 643037.4035153599 8888166.981506145, 643031.0434923199 8888166.981506145, 643031.0434923199 8888155.741488224, 643037.4035153599 8888155.741488224))"
tile_051.jpg,8.0,Patauá,Oenocarpus bataua Mart.,0.644783,13.96002816001419,10.400010239332914,"POLYGON ((643025.48354096 8888105.581466721, 643025.48354096 8888115.98147696, 643011.5235128 8888115.98147696, 643011.5235128 8888105.581466721, 643025.48354096 8888105.581466721))"
tile_052.jpg,0.0,Açaí solteiro,Euterpe precatoria Mart.,0.697872,4.639997952035628,4.039999488741159,"POLYGON ((643098.523519456 8888156.021488735, 643098.523519456 8888160.061488224, 643093.883521504 8888160.061488224, 643093.883521504 8888156.021488735, 643098.523519456 8888156.021488735))"
tile_053.jpg,0.0,Açaí solteiro,Euterpe precatoria Mart.,0.412397,4.280002560000867,3.7599989753216505,"POLYGON ((643144.2835204799 8888139.701528672, 643144.2835204799 8888143.461527647, 643140.0035179199 8888143.461527647, 643140.0035179199 8888139.701528672, 643144.2835204799 8888139.701528672))"
tile_053.jpg,0.0,Açaí solteiro,Euterpe precatoria Mart.,0.520999,4.079996927990578,3.6400005128234625,"POLYGON ((643145.2434805438 8888136.421526624, 643145.2434805438 8888140.061527137, 643141.1634836158 8888140.061527137, 643141.1634836158 8888136.421526624, 643145.2434805438 8888136.421526624))"
tile_054.jpg,0.0,Açaí solteiro,Euterpe precatoria Mart.,0.861298,5.28000000002794,5.360001023858786,"POLYGON ((643194.8834974399 8888150.941494368, 643194.8834974399 8888156.301495392, 643189.6034974399 8888156.301495392, 643189.6034974399 8888150.941494368, 643194.8834974399 8888150.941494368))"
tile_055.jpg,6.0,Tucumã,Astrocaryum aculeatum G.Mey.,0.687859,6.639985000016168,4.519999487325549,"POLYGON ((643238.4435128999 8888138.461491296, 643238.4435128999 8888142.981490783, 643231.8035278999 8888142.981490783, 643231.8035278999 8888138.461491296, 643238.4435128999 8888138.461491296))"
tile_057.jpg,1.0,Paxiúba,Socratea exorrhiza (Mart.) H. Wendl.,0.500246,3.079999487963505,3.5200020484626293,"POLYGON ((642760.9234989758 8888087.021506656, 642760.9234989758 8888090.541508704, 642757.8434994878 8888090.541508704, 642757.8434994878 8888087.021506656, 642760.9234989758 8888087.021506656))"
tile_058.jpg,6.0,Tucumã,Astrocaryum aculeatum G.Mey.,0.617813,4.000002047978342,3.1600005123764277,"POLYGON ((642856.0034984639 8888070.301513826, 642856.0034984639 8888073.461514339, 642852.0034964159 8888073.461514339, 642852.0034964159 8888070.301513826, 642856.0034984639 8888070.301513826))"
tile_060.jpg,5.0,Murumuru,Astrocaryum ulei Burret,0.792487,3.7599989760201424,3.6400005128234625,"POLYGON ((642940.963499488 8888099.301485665, 642940.963499488 8888102.941486178, 642937.2035005119 8888102.941486178, 642937.2035005119 8888099.301485665, 642940.963499488 8888099.301485665))"
tile_061.jpg,0.0,Açaí solteiro,Euterpe precatoria Mart.,0.297226,3.9200010240310803,3.9599984642118216,"POLYGON ((642992.643474912 8888069.34148925, 642992.643474912 8888073.301487714, 642988.723473888 8888073.301487714, 642988.723473888 8888069.34148925, 642992.643474912 8888069.34148925))"
tile_061.jpg,0.0,Açaí solteiro,Euterpe precatoria Mart.,0.448006,4.280002560000867,4.680001536384225,"POLYGON ((643010.84352048 8888103.181510754, 643010.84352048 8888107.86151229, 643006.56351792 8888107.86151229, 643006.56351792 8888103.181510754, 643010.84352048 8888103.181510754))"
tile_061.jpg,6.0,Tucumã,Astrocaryum aculeatum G.Mey.,0.549747,3.7599989760201424,4.519999487325549,"POLYGON ((642984.843476448 8888064.061501537, 642984.843476448 8888068.581501024, 642981.083477472 8888068.581501024, 642981.083477472 8888064.061501537, 642984.843476448 8888064.061501537))"
tile_061.jpg,1.0,Paxiúba,Socratea exorrhiza (Mart.) H. Wendl.,0.693313,7.320023039937951,5.640001535415649,"POLYGON ((643004.0035127999 8888109.82149744, 643004.0035127999 8888115.461498976, 642996.6834897599 8888115.461498976, 642996.6834897599 8888109.82149744, 643004.0035127999 8888109.82149744))"
tile_062.jpg,0.0,Açaí solteiro,Euterpe precatoria Mart.,0.312413,3.9200010240310803,2.799998976290226,"POLYGON ((643052.923508192 8888093.621477472, 643052.923508192 8888096.421476448, 643049.0035071679 8888096.421476448, 643049.0035071679 8888093.621477472, 643052.923508192 8888093.621477472))"
tile_062.jpg,8.0,Patauá,Oenocarpus bataua Mart.,0.532356,10.87997951998841,11.240017920732498,"POLYGON ((643058.2834999998 8888074.06149744, 643058.2834999998 8888085.301515361, 643047.4035204798 8888085.301515361, 643047.4035204798 8888074.06149744, 643058.2834999998 8888074.06149744))"
tile_062.jpg,1.0,Paxiúba,Socratea exorrhiza (Mart.) H. Wendl.,0.551465,6.1200015359791,5.520003071054816,"POLYGON ((643022.4835302079 8888095.621506143, 643022.4835302079 8888101.141509214, 643016.3635286719 8888101.141509214, 643016.3635286719 8888095.621506143, 643022.4835302079 8888095.621506143))"
tile_062.jpg,1.0,Paxiúba,Socratea exorrhiza (Mart.) H. Wendl.,0.64389,5.360001023975201,6.280028160661459,"POLYGON ((643024.1234928318 8888090.4614616, 643024.1234928318 8888096.74148976, 643018.7634918079 8888096.74148976, 643018.7634918079 8888090.4614616, 643024.1234928318 8888090.4614616))"
tile_062.jpg,0.0,Açaí solteiro,Euterpe precatoria Mart.,0.724144,6.360023039975204,5.599997952580452,"POLYGON ((643032.8434999998 8888091.901498465, 643032.8434999998 8888097.501496417, 643026.4834769599 8888097.501496417, 643026.4834769599 8888091.901498465, 643032.8434999998 8888091.901498465))"
tile_062.jpg,8.0,Patauá,Oenocarpus bataua Mart.,0.744658,10.03997183998581,8.360017919912934,"POLYGON ((643039.6434641598 8888078.7414744, 643039.6434641598 8888087.10149232, 643029.6034923198 8888087.10149232, 643029.6034923198 8888078.7414744, 643039.6434641598 8888078.7414744))"
tile_062.jpg,5.0,Murumuru,Astrocaryum ulei Burret,0.768717,6.560010239947587,7.839989759027958,"POLYGON ((643065.4835307199 8888098.18152048, 643065.4835307199 8888106.02151024, 643058.9235204799 8888106.02151024, 643058.9235204799 8888098.18152048, 643065.4835307199 8888098.18152048))"
tile_062.jpg,1.0,Paxiúba,Socratea exorrhiza (Mart.) H. Wendl.,0.797512,6.1200015359791,5.399998463690281,"POLYGON ((643064.9235174078 8888072.181507168, 643064.9235174078 8888077.581505632, 643058.8035158719 8888077.581505632, 643058.8035158719 8888072.181507168, 643064.9235174078 8888072.181507168))"
tile_063.jpg,1.0,Paxiúba,Socratea exorrhiza (Mart.) H. Wendl.,0.616622,6.799994879984297,5.920002048835158,"POLYGON ((643082.6834948799 8888065.021486178, 643082.6834948799 8888070.941488227, 643075.8834999999 8888070.941488227, 643075.8834999999 8888065.021486178, 643082.6834948799 8888065.021486178))"
tile_063.jpg,1.0,Paxiúba,Socratea exorrhiza (Mart.) H. Wendl.,0.641116,6.320025600027293,4.999999487772584,"POLYGON ((643093.08350512 8888063.021491297, 643093.08350512 8888068.021490784, 643086.76347952 8888068.021490784, 643086.76347952 8888063.021491297, 643093.08350512 8888063.021491297))"
tile_063.jpg,0.0,Açaí solteiro,Euterpe precatoria Mart.,0.754933,5.399998464039527,4.999999487772584,"POLYGON ((643080.803480032 8888070.901478495, 643080.803480032 8888075.901477983, 643075.403481568 8888075.901477983, 643075.403481568 8888070.901478495, 643080.803480032 8888070.901478495))"
tile_065.jpg,5.0,Murumuru,Astrocaryum ulei Burret,0.740168,4.999999488005415,4.560003072023392,"POLYGON ((643207.2035291839 8888100.221488224, 643207.2035291839 8888104.781491296, 643202.2035296959 8888104.781491296, 643202.2035296959 8888100.221488224, 643207.2035291839 8888100.221488224))"
tile_065.jpg,3.0,Jací,Attalea butyracea (Mutis ex Lf) Wess.Boer,0.782069,6.480015360051766,8.159969279542565,"POLYGON ((643186.1634871999 8888096.3815128, 643186.1634871999 8888104.54148208, 643179.6834718399 8888104.54148208, 643179.6834718399 8888096.3815128, 643186.1634871999 8888096.3815128))"
tile_067.jpg,8.0,Patauá,Oenocarpus bataua Mart.,0.337098,6.600007680011913,7.520010240375996,"POLYGON ((642793.2834923199 8888040.86148208, 642793.2834923199 8888048.38149232, 642786.6834846399 8888048.38149232, 642786.6834846399 8888040.86148208, 642793.2834923199 8888040.86148208))"
tile_067.jpg,0.0,Açaí solteiro,Euterpe precatoria Mart.,0.79705,3.800002560019493,3.7599989753216505,"POLYGON ((642795.5235025599 8888019.541497951, 642795.5235025599 8888023.301496927, 642791.7234999998 8888023.301496927, 642791.7234999998 8888019.541497951, 642795.5235025599 8888019.541497951))"
tile_069.jpg,5.0,Murumuru,Astrocaryum ulei Burret,0.880343,7.079976959968917,7.11997440084815,"POLYGON ((642880.2834948798 8888042.101494879, 642880.2834948798 8888049.22146928, 642873.2035179199 8888049.22146928, 642873.2035179199 8888042.101494879, 642880.2834948798 8888042.101494879))"
tile_070.jpg,3.0,Jací,Attalea butyracea (Mutis ex Lf) Wess.Boer,0.864947,13.43999999994412,9.320017920807004,"POLYGON ((642923.9234871999 8888011.9014616, 642923.9234871999 8888021.22147952, 642910.4834872 8888021.22147952, 642910.4834872 8888011.9014616, 642923.9234871999 8888011.9014616))"
tile_071.jpg,0.0,Açaí solteiro,Euterpe precatoria Mart.,0.619542,3.679997951956466,2.880000000819564,"POLYGON ((642973.8035040959 8888043.06149488, 642973.8035040959 8888045.94149488, 642970.1235061439 8888045.94149488, 642970.1235061439 8888043.06149488, 642973.8035040959 8888043.06149488))"
tile_071.jpg,6.0,Tucumã,Astrocaryum aculeatum G.Mey.,0.883417,6.320025600027293,6.600007679313421,"POLYGON ((642978.68353584 8888051.46147952, 642978.68353584 8888058.0614872, 642972.36351024 8888058.0614872, 642972.36351024 8888051.46147952, 642978.68353584 8888051.46147952))"
tile_073.jpg,1.0,Paxiúba,Socratea exorrhiza (Mart.) H. Wendl.,0.449364,5.1600015360163525,2.880000000819564,"POLYGON ((643088.243489248 8888061.7015, 643088.243489248 8888064.581500001, 643083.083487712 8888064.581500001, 643083.083487712 8888061.7015, 643088.243489248 8888061.7015))"
tile_074.jpg,5.0,Murumuru,Astrocaryum ulei Burret,0.371949,6.600007680011913,6.119989760220051,"POLYGON ((642802.3635255999 8887984.5015192, 642802.3635255999 8887990.62150896, 642795.7635179199 8887990.62150896, 642795.7635179199 8887984.5015192, 642802.3635255999 8887984.5015192))"
